<?xml version="1.0" encoding="utf-8"?><bwFrame xmlns:xsi="http://www.w3.org/2001/XMLSchema-instance" xmlns:xsd="http://www.w3.org/2001/XMLSchema" default_layout="noprevnonextnosubmit0001100110" textdirection="ltr"><layouts><layout name="noprevnonextsubmit0001100110" font="Articulate" controllayout="noprevnonextsubmit0001100110" colorscheme="noprevnonextnosubmit0001100110" string_table="noprevnonextnosubmit0001100110" /><layout name="prevnextnosubmit0001100110" font="Articulate" controllayout="prevnextnosubmit0001100110" colorscheme="noprevnonextnosubmit0001100110" string_table="noprevnonextnosubmit0001100110" /><layout name="noprevnextnosubmit0001100110" font="Articulate" controllayout="noprevnextnosubmit0001100110" colorscheme="noprevnonextnosubmit0001100110" string_table="noprevnonextnosubmit0001100110" /><layout name="noprevnonextnosubmit0001100110" font="Articulate" controllayout="noprevnonextnosubmit0001100110" colorscheme="noprevnonextnosubmit0001100110" string_table="noprevnonextnosubmit0001100110" /></layouts><control_options><optiongroups><optiongroup name="sidebaroptions"><options><option name="title_enabled" value="true"><options><option name="title_text" value="Storyline Hudson" /></options></option><option name="logo_enabled" value="false"><options><option name="logo_url" value="" /></options></option><option name="sidebar_enabled" value="true"><options><option name="sidebarpos" value="left" /></options></option><optionlist name="tabs"><listitems><listitem name="resources" value="true" group="linkright" /><listitem name="outline" value="true" group="sidebar" /><listitem name="glossary" value="false" group="sidebar" /><listitem name="transcript" value="false" group="sidebar" /></listitems></optionlist><option name="time_enabled" value="false"><options><option name="time_format" value="" /></options></option></options></optiongroup><optiongroup name="menuoptions"><options><option name="flow" value="free" /><option name="wraplistitems" value="false" /><option name="tooltips" value="true" /><option name="autocollapse" value="true" /><option name="autonumber" value="false" /></options></optiongroup><optiongroup name="controls"><options><option name="volume" value="true" /><option name="seekbar" value="false" /><option name="search" value="false" /></options></optiongroup><optiongroup name="bottombaroptions"><options><option name="bottombar_enabled" value="true" /></options></optiongroup></optiongroups></control_options><control_layouts><control_layout name="noprevnonextsubmit0001100110"><control name="volume" enabled="true" /><control name="seekbar" enabled="false" /><control name="replay" enabled="false" /><control name="pauseplay" enabled="false" /><control name="previous" enabled="false" /><control name="next" enabled="false" /><control name="submit" enabled="true" /><control name="resources" enabled="true" /><control name="glossary" enabled="false" /><control name="transcript" enabled="false" /><control name="outline" enabled="true"><controls><control name="search" enabled="false" /></controls></control></control_layout><control_layout name="prevnextnosubmit0001100110"><control name="volume" enabled="true" /><control name="seekbar" enabled="false" /><control name="replay" enabled="false" /><control name="pauseplay" enabled="false" /><control name="previous" enabled="true" /><control name="next" enabled="true" /><control name="submit" enabled="false" /><control name="resources" enabled="true" /><control name="glossary" enabled="false" /><control name="transcript" enabled="false" /><control name="outline" enabled="true"><controls><control name="search" enabled="false" /></controls></control></control_layout><control_layout name="noprevnextnosubmit0001100110"><control name="volume" enabled="true" /><control name="seekbar" enabled="false" /><control name="replay" enabled="false" /><control name="pauseplay" enabled="false" /><control name="previous" enabled="false" /><control name="next" enabled="true" /><control name="submit" enabled="false" /><control name="resources" enabled="true" /><control name="glossary" enabled="false" /><control name="transcript" enabled="false" /><control name="outline" enabled="true"><controls><control name="search" enabled="false" /></controls></control></control_layout><control_layout name="noprevnonextnosubmit0001100110"><control name="volume" enabled="true" /><control name="seekbar" enabled="false" /><control name="replay" enabled="false" /><control name="pauseplay" enabled="false" /><control name="previous" enabled="false" /><control name="next" enabled="false" /><control name="submit" enabled="false" /><control name="resources" enabled="true" /><control name="glossary" enabled="false" /><control name="transcript" enabled="false" /><control name="outline" enabled="true"><controls><control name="search" enabled="false" /></controls></control></control_layout></control_layouts><colorschemes><colorscheme name="noprevnonextnosubmit0001100110"><color_group name="timer"><group_colors><color name="duration"><fill type="linear" rotation="90"><colors><color rgb="0x00D7FF" alpha="100" stop="0" /><color rgb="0x00ABFF" alpha="100" stop="255" /></colors></fill></color><color name="elapsed"><fill type="linear" rotation="90"><colors><color rgb="0xFEE347" alpha="100" stop="0" /><color rgb="0xFCCC2A" alpha="100" stop="255" /></colors></fill></color><color name="stroke"><fill type="linear" rotation="90"><colors><color rgb="0xC7C7C7" alpha="100" stop="0" /></colors></fill></color><color name="inner"><fill type="linear" rotation="90"><colors><color rgb="0xFFFFFF" alpha="100" stop="0" /></colors></fill></color><color name="text"><fill type="linear" rotation="90"><colors><color rgb="0x555555" alpha="100" stop="0" /></colors></fill></color></group_colors></color_group><color_group name="window"><group_colors><color name="text"><fill type="linear" rotation="90"><colors><color rgb="0x555555" alpha="100" stop="0" /></colors></fill></color><color name="inner"><fill type="linear" rotation="90"><colors><color rgb="0xEAEAEA" alpha="100" stop="0" /><color rgb="0xCFCFCF" alpha="100" stop="255" /></colors></fill></color><color name="bg"><fill type="linear" rotation="90"><colors><color rgb="0xF3F3F3" alpha="100" stop="0" /></colors></fill></color><color name="diva"><fill type="linear" rotation="90"><colors><color rgb="0xF7F7F7" alpha="100" stop="0" /></colors></fill></color><color name="divb"><fill type="linear" rotation="90"><colors><color rgb="0xD3D3D3" alpha="100" stop="0" /></colors></fill></color><color name="shadow"><fill type="linear" rotation="90"><colors><color rgb="0x000000" alpha="20" stop="0" /></colors></fill></color></group_colors></color_group><color_group name="editor"><group_colors><color name="slide_text"><fill type="linear" rotation="90"><colors><color rgb="0x555555" alpha="100" stop="0" /></colors></fill></color><color name="html_text"><fill type="linear" rotation="90"><colors><color rgb="0x444444" alpha="100" stop="0" /></colors></fill></color><color name="btn_bg"><fill type="linear" rotation="90"><colors><color rgb="0xF5F5F5" alpha="100" stop="0" /><color rgb="0xC7C7C7" alpha="100" stop="255" /></colors></fill></color><color name="btn_hover"><fill type="linear" rotation="90"><colors><color rgb="0xF2F2F2" alpha="100" stop="0" /><color rgb="0xAFAFAF" alpha="100" stop="255" /></colors></fill></color><color name="btn_down"><fill type="linear" rotation="90"><colors><color rgb="0xC7C7C7" alpha="100" stop="0" /><color rgb="0xF4F4F4" alpha="100" stop="255" /></colors></fill></color><color name="btn_border"><fill type="linear" rotation="90"><colors><color rgb="0xB1B1B1" alpha="100" stop="0" /></colors></fill></color><color name="btn_text"><fill type="linear" rotation="90"><colors><color rgb="0x353535" alpha="100" stop="0" /></colors></fill></color><color name="btn_text_shadow"><fill type="linear" rotation="90"><colors><color rgb="0xF0F0F0" alpha="100" stop="0" /></colors></fill></color></group_colors></color_group><color_group name="listitem"><group_colors><color name="selected_text"><fill type="linear" rotation="90"><colors><color rgb="0x353535" alpha="100" stop="0" /></colors></fill></color><color name="lines"><fill type="linear" rotation="90"><colors><color rgb="0xDFDFDF" alpha="100" stop="0" /></colors></fill></color><color name="hover"><fill type="linear" rotation="90"><colors><color rgb="0xE6E6E6" alpha="100" stop="0" /></colors></fill></color><color name="viewed"><fill type="linear" rotation="90"><colors><color rgb="0x909090" alpha="100" stop="0" /></colors></fill></color><color name="text"><fill type="linear" rotation="90"><colors><color rgb="0x353535" alpha="100" stop="0" /></colors></fill></color><color name="selected"><fill type="linear" rotation="90"><colors><color rgb="0xC0E2F1" alpha="100" stop="0" /></colors></fill></color><color name="shadow"><fill type="linear" rotation="90"><colors><color rgb="0xFFFFFF" alpha="100" stop="0" /></colors></fill></color></group_colors></color_group><color_group name="base"><group_colors><color name="text"><fill type="linear" rotation="90"><colors><color rgb="0x555555" alpha="100" stop="0" /></colors></fill></color><color name="diva"><fill type="linear" rotation="90"><colors><color rgb="0xD3D3D3" alpha="100" stop="0" /></colors></fill></color><color name="divb"><fill type="linear" rotation="90"><colors><color rgb="0xF7F7F7" alpha="100" stop="0" /></colors></fill></color><color name="bg"><fill type="linear" rotation="90"><colors><color rgb="0xE9E9E9" alpha="100" stop="0" /><color rgb="0xCFCFCF" alpha="100" stop="255" /></colors></fill></color><color name="border"><fill type="linear" rotation="90"><colors><color rgb="0xE9E9E9" alpha="100" stop="0" /><color rgb="0xF3F3F3" alpha="100" stop="255" /></colors></fill></color><color name="menu_shade"><fill type="linear" rotation="90"><colors><color rgb="0xDBDBDB" alpha="100" stop="0" /><color rgb="0xC3C3C3" alpha="100" stop="255" /></colors></fill></color><color name="slide_bg"><fill type="linear" rotation="90"><colors><color rgb="0xE9E9E9" alpha="100" stop="0" /><color rgb="0xCFCFCF" alpha="100" stop="255" /></colors></fill></color></group_colors></color_group><color_group name="button"><group_colors><color name="btn_bg"><fill type="linear" rotation="90"><colors><color rgb="0xF5F5F5" alpha="100" stop="0" /><color rgb="0xC7C7C7" alpha="100" stop="255" /></colors></fill></color><color name="btn_hover"><fill type="linear" rotation="90"><colors><color rgb="0xF2F2F2" alpha="100" stop="0" /><color rgb="0xAFAFAF" alpha="100" stop="255" /></colors></fill></color><color name="btn_down"><fill type="linear" rotation="90"><colors><color rgb="0xC7C7C7" alpha="100" stop="0" /><color rgb="0xF4F4F4" alpha="100" stop="255" /></colors></fill></color><color name="btn_border"><fill type="linear" rotation="90"><colors><color rgb="0xB1B1B1" alpha="100" stop="0" /></colors></fill></color><color name="btn_text"><fill type="linear" rotation="90"><colors><color rgb="0x353535" alpha="100" stop="0" /></colors></fill></color><color name="btn_text_shadow"><fill type="linear" rotation="90"><colors><color rgb="0xF0F0F0" alpha="100" stop="0" /></colors></fill></color><color name="btn_icon_color"><fill type="linear" rotation="90"><colors><color rgb="0x353535" alpha="100" stop="0" /></colors></fill></color><color name="btn_glow"><fill type="linear" rotation="90"><colors><color rgb="0xCFCFCF" alpha="100" stop="0" /></colors></fill></color></group_colors></color_group><color_group name="checkbox"><group_colors><color name="border"><fill type="linear" rotation="90"><colors><color rgb="0xB8B8B8" alpha="100" stop="0" /></colors></fill></color><color name="bg"><fill type="linear" rotation="90"><colors><color rgb="0xFFFFFF" alpha="100" stop="0" /></colors></fill></color><color name="check"><fill type="linear" rotation="90"><colors><color rgb="0x33CC00" alpha="100" stop="0" /></colors></fill></color><color name="text"><fill type="linear" rotation="90"><colors><color rgb="0x444444" alpha="100" stop="0" /></colors></fill></color><color name="hover"><fill type="linear" rotation="90"><colors><color rgb="0x6BF8FF" alpha="100" stop="0" /></colors></fill></color></group_colors></color_group><color_group name="logo"><group_colors><color name="bg"><fill type="linear" rotation="90"><colors><color rgb="0xFFFFFF" alpha="100" stop="0" /></colors></fill></color><color name="shadow"><fill type="linear" rotation="90"><colors><color rgb="0xB8B8B8" alpha="100" stop="0" /></colors></fill></color></group_colors></color_group><color_group name="menu"><group_colors><color name="bg"><fill type="linear" rotation="90"><colors><color rgb="0xF3F3F3" alpha="100" stop="0" /></colors></fill></color><color name="shadow"><fill type="linear" rotation="90"><colors><color rgb="0xB8B8B8" alpha="100" stop="0" /></colors></fill></color></group_colors></color_group><color_group name="scrollarea"><group_colors><color name="bg"><fill type="linear" rotation="0"><colors><color rgb="0xDEDEDE" alpha="100" stop="0" /><color rgb="0xE8E8E8" alpha="100" stop="128" /></colors></fill></color><color name="border"><fill type="linear" rotation="90"><colors><color rgb="0xF6F6F6" alpha="100" stop="0" /><color rgb="0xF3F3F3" alpha="100" stop="255" /></colors></fill></color><color name="button_bg"><fill type="linear" rotation="90"><colors><color rgb="0xC4C4C4" alpha="100" stop="0" /><color rgb="0xB2B2B2" alpha="100" stop="255" /></colors></fill></color><color name="button_inner"><fill type="linear" rotation="90"><colors><color rgb="0xCBCBCB" alpha="100" stop="0" /><color rgb="0xBABABA" alpha="100" stop="255" /></colors></fill></color><color name="button_border"><fill type="linear" rotation="90"><colors><color rgb="0xB8B8B8" alpha="100" stop="0" /></colors></fill></color><color name="icons"><fill type="linear" rotation="90"><colors><color rgb="0x555555" alpha="100" stop="0" /></colors></fill></color><color name="shadow"><fill type="linear" rotation="90"><colors><color rgb="0xD9D9D9" alpha="100" stop="0" /></colors></fill></color><color name="detaila"><fill type="linear" rotation="90"><colors><color rgb="0xA7A7A7" alpha="100" stop="0" /></colors></fill></color><color name="detailb"><fill type="linear" rotation="90"><colors><color rgb="0xCFCFCF" alpha="100" stop="0" /></colors></fill></color></group_colors></color_group><color_group name="searchinput"><group_colors><color name="bg"><fill type="linear" rotation="90"><colors><color rgb="0xDFDFDF" alpha="100" stop="0" /></colors></fill></color><color name="border"><fill type="linear" rotation="90"><colors><color rgb="0xADADAD" alpha="100" stop="0" /><color rgb="0xFAFAFA" alpha="100" stop="255" /></colors></fill></color><color name="icon"><fill type="linear" rotation="90"><colors><color rgb="0x8A8A8A" alpha="100" stop="0" /></colors></fill></color><color name="button_hover"><fill type="linear" rotation="90"><colors><color rgb="0xF5F5F5" alpha="100" stop="0" /><color rgb="0xC7C7C7" alpha="100" stop="255" /></colors></fill></color><color name="hover_glow"><fill type="linear" rotation="90"><colors><color rgb="0x6BF8FF" alpha="100" stop="0" /></colors></fill></color><color name="search_text"><fill type="linear" rotation="90"><colors><color rgb="0x8A8A8A" alpha="100" stop="0" /></colors></fill></color><color name="bg_active"><fill type="linear" rotation="90"><colors><color rgb="0xFAFAFA" alpha="100" stop="0" /></colors></fill></color><color name="text_active"><fill type="linear" rotation="90"><colors><color rgb="0x333333" alpha="100" stop="0" /></colors></fill></color></group_colors></color_group><color_group name="seekcontrol"><group_colors><color name="bg"><fill type="linear" rotation="90"><colors><color rgb="0xF5F5F5" alpha="100" stop="0" /><color rgb="0xC7C7C7" alpha="100" stop="255" /></colors></fill></color><color name="border"><fill type="linear" rotation="90"><colors><color rgb="0xB1B1B1" alpha="100" stop="0" /></colors></fill></color><color name="text_color"><fill type="linear" rotation="90"><colors><color rgb="0x000000" alpha="100" stop="0" /></colors></fill></color><color name="seek_border"><fill type="linear" rotation="90"><colors><color rgb="0xB8B8B8" alpha="100" stop="0" /><color rgb="0xEEEEEE" alpha="100" stop="255" /></colors></fill></color><color name="seek_bg"><fill type="linear" rotation="90"><colors><color rgb="0xE7E7E7" alpha="100" stop="0" /></colors></fill></color><color name="seek_position"><fill type="linear" rotation="90"><colors><color rgb="0xFFFFFF" alpha="100" stop="0" /></colors></fill></color><color name="btn_icon_color"><fill type="linear" rotation="90"><colors><color rgb="0x2D2D2D" alpha="100" stop="0" /></colors></fill></color><color name="btn_icon_hover"><fill type="linear" rotation="90"><colors><color rgb="0x555555" alpha="100" stop="0" /></colors></fill></color><color name="btn_icon_shadow"><fill type="linear" rotation="90"><colors><color rgb="0xF0F0F0" alpha="100" stop="0" /></colors></fill></color></group_colors></color_group><color_group name="tabs"><group_colors><color name="bg"><fill type="linear" rotation="90"><colors><color rgb="0xF3F3F3" alpha="100" stop="0" /></colors></fill></color><color name="text"><fill type="linear" rotation="90"><colors><color rgb="0x555555" alpha="100" stop="0" /></colors></fill></color><color name="selected"><fill type="linear" rotation="90"><colors><color rgb="0x333333" alpha="100" stop="0" /></colors></fill></color><color name="hover"><fill type="linear" rotation="90"><colors><color rgb="0x333333" alpha="100" stop="0" /></colors></fill></color><color name="shadow"><fill type="linear" rotation="90"><colors><color rgb="0xF0F0F0" alpha="100" stop="0" /></colors></fill></color></group_colors></color_group><color_group name="transcript"><group_colors><color name="div"><fill type="linear" rotation="90"><colors><color rgb="0xE1E1E1" alpha="100" stop="0" /></colors></fill></color><color name="heading_text"><fill type="linear" rotation="90"><colors><color rgb="0x444444" alpha="100" stop="0" /></colors></fill></color></group_colors></color_group><color_group name="outline"><group_colors><color name="diva"><fill type="linear" rotation="90"><colors><color rgb="0xC6C6C6" alpha="100" stop="0" /></colors></fill></color><color name="divb"><fill type="linear" rotation="90"><colors><color rgb="0xF9F9F9" alpha="100" stop="0" /></colors></fill></color><color name="divc"><fill type="linear" rotation="90"><colors><color rgb="0xE1E1E1" alpha="100" stop="0" /></colors></fill></color><color name="icon_color"><fill type="linear" rotation="90"><colors><color rgb="0xFF0000" alpha="100" stop="0" /></colors></fill></color><color name="search_text"><fill type="linear" rotation="90"><colors><color rgb="0x444444" alpha="100" stop="0" /></colors></fill></color><color name="search_hover"><fill type="linear" rotation="90"><colors><color rgb="0x0000EE" alpha="100" stop="0" /></colors></fill></color></group_colors></color_group><color_group name="resource"><group_colors><color name="separator"><fill type="linear" rotation="90"><colors><color rgb="0xE0E0E0" alpha="100" stop="0" /></colors></fill></color></group_colors></color_group><color_group name="glossary"><group_colors><color name="selected_text"><fill type="linear" rotation="90"><colors><color rgb="0x353535" alpha="100" stop="0" /></colors></fill></color><color name="selected"><fill type="linear" rotation="90"><colors><color rgb="0xC0E2F1" alpha="100" stop="0" /></colors></fill></color><color name="text"><fill type="linear" rotation="90"><colors><color rgb="0x353535" alpha="100" stop="0" /></colors></fill></color><color name="hover"><fill type="linear" rotation="90"><colors><color rgb="0xE6E6E6" alpha="100" stop="0" /></colors></fill></color><color name="diva"><fill type="linear" rotation="90"><colors><color rgb="0xE2E2E2" alpha="100" stop="0" /></colors></fill></color><color name="divb"><fill type="linear" rotation="90"><colors><color rgb="0xE2E2E2" alpha="100" stop="0" /></colors></fill></color><color name="divc"><fill type="linear" rotation="90"><colors><color rgb="0xFAFAFA" alpha="100" stop="0" /></colors></fill></color><color name="bg"><fill type="linear" rotation="90"><colors><color rgb="0xE7E7E7" alpha="100" stop="0" /></colors></fill></color><color name="heading_text"><fill type="linear" rotation="90"><colors><color rgb="0x444444" alpha="100" stop="0" /></colors></fill></color></group_colors></color_group><color_group name="volume"><group_colors><color name="thumb_border"><fill type="linear" rotation="90"><colors><color rgb="0xA5A5A5" alpha="100" stop="0" /></colors></fill></color><color name="thumb_inner"><fill type="linear" rotation="90"><colors><color rgb="0xD4D4D4" alpha="100" stop="0" /></colors></fill></color><color name="thumb_bg"><fill type="linear" rotation="90"><colors><color rgb="0xC8C8C8" alpha="100" stop="0" /></colors></fill></color><color name="slider_border"><fill type="linear" rotation="90"><colors><color rgb="0xF2F2F2" alpha="100" stop="0" /></colors></fill></color><color name="slider_bg"><fill type="linear" rotation="90"><colors><color rgb="0xBCBCBC" alpha="100" stop="0" /><color rgb="0xBCBCBC" alpha="100" stop="128" /><color rgb="0xC3C3C3" alpha="100" stop="255" /></colors></fill></color></group_colors></color_group></colorscheme></colorschemes><string_tables><string_table name="noprevnonextnosubmit0001100110"><string id="prev">PREV</string><string id="next">NEXT</string><string id="submit">SUBMIT</string><string id="outline">Menu</string><string id="resources">Resources</string><string id="glossary">Glossary</string><string id="transcript">Notes</string><string id="clear">Clear and return to Menu</string><string id="search_results">Search Results</string><string id="filter">Filter</string><string id="slide_text_chk">Slide Text</string><string id="transcript_chk">Notes</string><string id="search_in">Search in:</string><string id="check_include">Check to include</string><string id="search">Search...</string><string id="terms">Terms</string><string id="definition">Definition</string><string id="acc_definition">definition</string><string id="acc_resources">resources</string><string id="acc_search_input">search</string><string id="acc_pause">pause</string><string id="acc_play">play</string><string id="acc_replay">replay</string><string id="acc_submit">submit</string><string id="acc_next">next</string><string id="acc_previous">previous</string><string id="acc_volume">volume</string></string_table></string_tables><sounds enabled="false" /><nav_data><outline><links><slidelink slideid="_player.6GB4emtxcZz" displaytext="AUBREY STORYLINE" expand="true"><links><slidelink slideid="_player.6GB4emtxcZz.66rIJI3GdCY" displaytext="Untitled Slide" expand="true" /><slidelink slideid="_player.6GB4emtxcZz.5oCoiXa4oGJ" displaytext="Untitled Slide" expand="true" /><slidelink slideid="_player.6GB4emtxcZz.5sdIPRgve0h" displaytext="Sorting Drag and Drop" expand="true" /><slidelink slideid="_player.6GB4emtxcZz.6MngvE3AkFH" displaytext="The Boom" expand="true" /><slidelink slideid="_player.6GB4emtxcZz.6P7gRLr3mnz" displaytext="Untitled Slide" expand="true" /><slidelink slideid="_player.6GB4emtxcZz.6ZiBn6ciUcS" displaytext="The Blues" expand="true" /><slidelink slideid="_player.6GB4emtxcZz.5ZbMTlJohfk" displaytext="Untitled Slide" expand="true" /><slidelink slideid="_player.6GB4emtxcZz.5fa8S9IK4W8" displaytext="Untitled Slide" expand="true" /><slidelink slideid="_player.6GB4emtxcZz.6F520wzRve8" displaytext="Untitled Slide" expand="true" /><slidelink slideid="_player.6GB4emtxcZz.5jfNGJwCvOa" displaytext="Mick Jagger &amp; Keith Richards" expand="true" /><slidelink slideid="_player.6GB4emtxcZz.6A0i12IGN8U" displaytext="Untitled Slide" expand="true" /><slidelink slideid="_player.6GB4emtxcZz.5xreRfrRuxA" displaytext="Rolling Stones" expand="true" /><slidelink slideid="_player.6GB4emtxcZz.6St0NMvrFxw" displaytext="Untitled Slide" expand="true" /><slidelink slideid="_player.6GB4emtxcZz.6m8PJBO9gy4" displaytext="Untitled Slide" expand="true" /><slidelink slideid="_player.6GB4emtxcZz.6k9R8istNFx" displaytext="Stones VS. Beatles" expand="true" /><slidelink slideid="_player.6GB4emtxcZz.5qr06Xow5iG" displaytext="Stones VS. Beatles" expand="true" /><slidelink slideid="_player.6GB4emtxcZz.5hUsEoLir3L" displaytext="Hits" expand="true" /><slidelink slideid="_player.6GB4emtxcZz.6O5KoOIB4AO" displaytext="Hits" expand="true" /><slidelink slideid="_player.6GB4emtxcZz.6goxXNu7s7C" displaytext="Stones Similarities" expand="true" /></links></slidelink></links></outline><search><slidetext slideid="6GB4emtxcZz.66rIJI3GdCY" slidebank="false">the rolling stones </slidetext><slidetext slideid="6GB4emtxcZz.6MngvE3AkFH" slidebank="false">the boom became popular in the us as well after the beatles' popularity  </slidetext><slidetext slideid="6GB4emtxcZz.6P7gRLr3mnz" slidebank="false">the boom became popular in the us as well after the beatles' popularity people in the us became interested in all things british  </slidetext><slidetext slideid="6GB4emtxcZz.6ZiBn6ciUcS" slidebank="false">the blues us blues records were hard to find in london, so a sophisticated trading system among the uk blues scene. gave it a very underground feel  </slidetext><slidetext slideid="6GB4emtxcZz.5ZbMTlJohfk" slidebank="false">the blues us blues records were hard to find in london, so a sophisticated trading system among the uk blues scene. gave it a very underground feel blues revival in the uk during the 1960s and chicago blues  </slidetext><slidetext slideid="6GB4emtxcZz.5fa8S9IK4W8" slidebank="false">the blues us blues records were hard to find in london, so a sophisticated trading system among the uk blues scene. gave it a very underground feel blues revival in the uk during the 1960s and chicago blues artists such as john mayall, eric clapton, jimmy page, etc. were all part of this scene mick jagger and keith richards as well  </slidetext><slidetext slideid="6GB4emtxcZz.6F520wzRve8" slidebank="false">the blues us blues records were hard to find in london, so a sophisticated trading system among the uk blues scene. gave it a very underground feel blues revival in the uk during the 1960s and chicago blues artists such as john mayall, eric clapton, jimmy page, etc. were all part of this scene mick jagger and keith richards as well  </slidetext><slidetext slideid="6GB4emtxcZz.5jfNGJwCvOa" slidebank="false">mick jagger &amp; keith richards influenced more by chicago blues and traditional r&amp;b than were the beatles  </slidetext><slidetext slideid="6GB4emtxcZz.6A0i12IGN8U" slidebank="false">mick jagger &amp; keith richards influenced more by chicago blues and traditional r&amp;b than were the beatles jagger/richards hits were based on other more pop-oriented styles and forms (contrasting verse-chorus like buddy holly or chuck berry  </slidetext><slidetext slideid="6GB4emtxcZz.5xreRfrRuxA" slidebank="false">rolling stones followed a similar imitation/emulation/innovation arc as the beatles initially did covers of chuck berry, buddy holly, etc.   </slidetext><slidetext slideid="6GB4emtxcZz.6St0NMvrFxw" slidebank="false">rolling stones followed a similar innovation arc as the beatles initially did covers of chuck berry, buddy holly, etc.   </slidetext><slidetext slideid="6GB4emtxcZz.6m8PJBO9gy4" slidebank="false">rolling stones followed a similar innovation arc as the beatles initially did covers of chuck berry, buddy holly, etc.  signed to decca records by dick rowe  george harrison story where he recommends the stones  </slidetext><slidetext slideid="6GB4emtxcZz.6k9R8istNFx" slidebank="false">stones vs. beatles seen in the media in the 1960s as the foil to the beatles' slick pop image; stones were more aggressive, sexual, unkempt, etc. (the anti-beatles)  </slidetext><slidetext slideid="6GB4emtxcZz.5qr06Xow5iG" slidebank="false">stones vs. beatles seen in the media in the 1960s as the foil to the beatles' slick pop image; stones were more aggressive, sexual, unkempt, etc. (the anti-beatles)  </slidetext><slidetext slideid="6GB4emtxcZz.5hUsEoLir3L" slidebank="false">hits “can't get no satisfaction” - #1 hit in us summer 1965  </slidetext><slidetext slideid="6GB4emtxcZz.6O5KoOIB4AO" slidebank="false">hits followed with hits such as “paint it black” - 1966  </slidetext><slidetext slideid="6GB4emtxcZz.6goxXNu7s7C" slidebank="false">stones similarities  did the stones copy the beatles? most of the jagger/richards hits were based on other more pop-oriented styles and forms  contrasting verse-chorus like buddy holly or chuck berry  </slidetext><slidetext slideid="6GB4emtxcZz.5sdIPRgve0h" slidebank="false">drag and drop: the rolling stones vs. beatles rolling stones beatles note-1 unkempt, sexual, aggressive note-2 did only covers for a long period of time. note-3 well kept and appealed to parents note-4 influenced by chicago blues note-5 influenced by r&amp;b note-6 mick jagger and keith richards drag and drop each item to the file cabinet (required items) or to the trash can (optional stuff).  that's right!  you selected the correct response. continue  you did not select the correct response. continue </slidetext><slidetext slideid="6GB4emtxcZz.5dP7eK23Lm4" slidebank="false">audio narration all rights reserved by dr. joeseph a. brown visual media  visual media design: aubrey hudson template design: alexandra daczkowski course title slide design: zack carow lesson title slide design: aubrey hudson  citation </slidetext><slidetext slideid="6GB4emtxcZz.6g6o6GU7F2t" slidebank="false">citations http://cps-static.rovicorp.com/3/jpg_400/mi0003/277/mi0003277352.jpg?partner=allrovi.com http://www.billboard.com/files/styles/promo_650/public/stylus/107464-rolling_stones_1967_617_409.jpg http://static.guim.co.uk/sys-images/music/pix/pictures/2013/8/28/1377685868574/beatles-at-the-bbc-008.jpg http://upload.wikimedia.org/wikipedia/commons/f/f0/45rpm.jpg </slidetext></search></nav_data><resource_data description="&lt;p align='left'&gt;&lt;font face='Articulate' size='11' color='#444444'&gt;Here are some useful links and documents:&lt;/font&gt;&lt;/p&gt;" /><transcript_data><slidetranscripts><slidetranscript slideid="6GB4emtxcZz.5sdIPRgve0h" slidebank="false">&lt;html&gt;&lt;p align='left'&gt;&lt;textformat leading='1' tabstops='[48, 96]' leftmargin='0' indent='0'&gt;&lt;font face='Calibri' size='11.64pt' color='#444444'&gt;The Sorting Drag and Drop interaction requires learners to identify items by dragging them into a file cabinet or waste basket.&lt;br&gt;&lt;br&gt;Use this interaction to test your learners’  ability to identify important from disposable items such as documents, records or emails. Customize the notecards and drop targets to customize the theme.&lt;/font&gt;&lt;font face='Calibri' size='11.64pt' color='#000000'&gt;&lt;/font&gt;&lt;/textformat&gt;&lt;/p&gt;&lt;/html&gt;</slidetranscript></slidetranscripts></transcript_data><glossary_data /></bwFrame>