<x:xmpmeta xmlns:x="adobe:ns:meta/">
   <rdf:RDF xmlns:rdf="http://www.w3.org/1999/02/22-rdf-syntax-ns#" xmlns:xmp="http://ns.adobe.com/xap/1.0/" xmlns:xmpDM="http://ns.adobe.com/xmp/1.0/DynamicMedia/" xmlns:xmpG="http://ns.adobe.com/xap/1.0/g/" xmlns:tsc="http://www.techsmith.com/xmp/tsc/" xmlns:xmpMM="http://ns.adobe.com/xap/1.0/mm/" xmlns:tscDM="http://www.techsmith.com/xmp/tscDM/" xmlns:tscIQ="http://www.techsmith.com/xmp/tscIQ/" xmlns:tscHS="http://www.techsmith.com/xmp/tscHS/" xmlns:stDim="http://ns.adobe.com/xap/1.0/sType/Dimensions#" xmlns:stFnt="http://ns.adobe.com/xap/1.0/sType/Font#" xmlns:exif="http://ns.adobe.com/exif/1.0" xmlns:dc="http://purl.org/dc/elements/1.1/">
      <rdf:Description tsc:version="2.0.0" dc:date="2014-12-05 03:26:08 PM" dc:source="Camtasia Studio,8.0.2,enu" dc:title="Aubrey Camtasia" tscDM:firstFrame="Aubrey_Camtasia_First_Frame.png" tscDM:originId="40CEE44E-FE4A-46D4-BE3F-A638A8067EE1" tscDM:project="Aubrey Camtasia">
         <xmpDM:duration xmpDM:scale="1/1000" xmpDM:value="329400"/>
         <xmpDM:videoFrameSize stDim:unit="pixel" stDim:h="480" stDim:w="640"/>
         <tsc:langName>
            <rdf:Bag>
               <rdf:li xml:lang="en-US">English</rdf:li></rdf:Bag>
         </tsc:langName>
         <xmpDM:Tracks>
            <rdf:Bag>
               <rdf:li>
                  <rdf:Description xmpDM:trackType="Quiz" xmpDM:frameRate="f1000" xmpDM:trackName="Quiz" tscIQ:quizGuid="862C6D11-E0E9-4D3C-B544-1AA3382EB4C3" tscIQ:authoredEmail="" tscIQ:requireUserId="0" tscIQ:reportMethod="SCORM" tscIQ:clientId="1CDF22D874AC443FBBB68075B4AE31CD" tscIQ:quizHash="913a309d02f617bb635a9df77ca5ae2f">
                     <xmpDM:markers>
                        <rdf:Seq>
                           <rdf:li><rdf:Description xmpDM:startTime="319400" tscIQ:feedback="0" tscIQ:questionSetName="The Rolling Stones"><tscIQ:questions><rdf:Seq><rdf:li><rdf:Description tscIQ:type="MC" tscIQ:id="0"><tscIQ:question>What was the Rolling Stone's first hit?</tscIQ:question><tscIQ:correctAnswer>2</tscIQ:correctAnswer><tscIQ:answerArray><rdf:Seq><rdf:li><rdf:Description tscIQ:orderId="0"><tscIQ:answer>Paint it Black</tscIQ:answer></rdf:Description></rdf:li><rdf:li><rdf:Description tscIQ:orderId="1"><tscIQ:answer>Can't Get No Satisfaction</tscIQ:answer></rdf:Description></rdf:li><rdf:li><rdf:Description tscIQ:orderId="2"><tscIQ:answer>Gimme Shelter</tscIQ:answer></rdf:Description></rdf:li><rdf:li><rdf:Description tscIQ:orderId="3"><tscIQ:answer>Angie</tscIQ:answer></rdf:Description></rdf:li></rdf:Seq></tscIQ:answerArray></rdf:Description></rdf:li><rdf:li><rdf:Description tscIQ:type="MC" tscIQ:id="1"><tscIQ:question>The Rolling Stones were...</tscIQ:question><tscIQ:correctAnswer>1</tscIQ:correctAnswer><tscIQ:answerArray><rdf:Seq><rdf:li><rdf:Description tscIQ:orderId="0"><tscIQ:answer>Unkempt, aggressive, Sexual</tscIQ:answer></rdf:Description></rdf:li><rdf:li><rdf:Description tscIQ:orderId="1"><tscIQ:answer>Clean cut, put together, appealed to parents</tscIQ:answer></rdf:Description></rdf:li><rdf:li><rdf:Description tscIQ:orderId="2"><tscIQ:answer>Hippy, peaceful, promoted conservation</tscIQ:answer></rdf:Description></rdf:li></rdf:Seq></tscIQ:answerArray></rdf:Description></rdf:li><rdf:li><rdf:Description tscIQ:type="MC" tscIQ:id="2"><tscIQ:question>Who signed the group to Decca Records?</tscIQ:question><tscIQ:correctAnswer>4</tscIQ:correctAnswer><tscIQ:answerArray><rdf:Seq><rdf:li><rdf:Description tscIQ:orderId="0"><tscIQ:answer>George Harrison</tscIQ:answer></rdf:Description></rdf:li><rdf:li><rdf:Description tscIQ:orderId="1"><tscIQ:answer>Mick Jagger</tscIQ:answer></rdf:Description></rdf:li><rdf:li><rdf:Description tscIQ:orderId="2"><tscIQ:answer>Dick Rowe</tscIQ:answer></rdf:Description></rdf:li><rdf:li><rdf:Description tscIQ:orderId="3"><tscIQ:answer>The Beatles</tscIQ:answer></rdf:Description></rdf:li></rdf:Seq></tscIQ:answerArray></rdf:Description></rdf:li></rdf:Seq></tscIQ:questions></rdf:Description></rdf:li></rdf:Seq>
                     </xmpDM:markers>
                     <tscIQ:QuizParams><rdf:Bag><rdf:li xmpDM:name="txtRequiredMessage" xmpDM:value="A first name, last name, and email address are required to take this quiz."/><rdf:li xmpDM:name="txtSkip" xmpDM:value="Watch Video Only - No Quiz"/><rdf:li xmpDM:name="txtBegin" xmpDM:value="Watch Video and Take Quiz"/><rdf:li xmpDM:name="txtFirstName" xmpDM:value="First"/><rdf:li xmpDM:name="txtLastName" xmpDM:value="Last"/><rdf:li xmpDM:name="txtEmail" xmpDM:value="Email"/><rdf:li xmpDM:name="txtReview" xmpDM:value="Replay Last Section"/><rdf:li xmpDM:name="txtAnswerQuestion" xmpDM:value="Take Quiz Now"/><rdf:li xmpDM:name="txtPrev" xmpDM:value="Previous"/><rdf:li xmpDM:name="txtNext" xmpDM:value="Next"/><rdf:li xmpDM:name="txtSubmit" xmpDM:value="Submit Answers"/><rdf:li xmpDM:name="txtContinue" xmpDM:value="Continue"/><rdf:li xmpDM:name="txtReviewAnswers" xmpDM:value="View Answers"/><rdf:li xmpDM:name="txtAutoResults" xmpDM:value="{{numberCorrect}} correct answer{{plural}}."/><rdf:li xmpDM:name="txtManualResults" xmpDM:value="{{numberUngraded}} question{{plural}} could not be scored."/><rdf:li xmpDM:name="txtAnswersSent" xmpDM:value="Your answers have been sent."/><rdf:li xmpDM:name="txtQuestionCount" xmpDM:value="{{currentQuestion}} of {{totalQuestions}}"/><rdf:li xmpDM:name="txtQuizFullscreenMode" xmpDM:value="Keyboard input is disabled in full screen mode. Press the ESC key to exit full screen mode."/><rdf:li xmpDM:name="txtDisabledLocalQuizReporting" xmpDM:value="Certain features in your video are currently disabled due to Local Network Security. These features work correctly when the video is played from a Website or Server."/><rdf:li xmpDM:name="txtErrorMessage" xmpDM:value="We're sorry, a network error has prevented the quiz from loading. The video is available to view. To try and reload the quiz, refresh the browser page or check your network connection."/><rdf:li xmpDM:name="txtLoaderMessageInstance" xmpDM:value="Please wait... the quiz is loading."/><rdf:li xmpDM:name="txtLoaderMessageDefinition" xmpDM:value="Please wait... the quiz is loading."/></rdf:Bag></tscIQ:QuizParams></rdf:Description>
               </rdf:li>
            </rdf:Bag>
         </xmpDM:Tracks>
         <tscDM:controller>
            <rdf:Description xmpDM:name="tscplayer">
               <tscDM:parameters>
                  <rdf:Bag>
                     <rdf:li xmpDM:name="autohide" xmpDM:value="true"/><rdf:li xmpDM:name="autoplay" xmpDM:value="false"/><rdf:li xmpDM:name="loop" xmpDM:value="false"/><rdf:li xmpDM:name="searchable" xmpDM:value="false"/><rdf:li xmpDM:name="captionsenabled" xmpDM:value="false"/><rdf:li xmpDM:name="sidebarenabled" xmpDM:value="false"/><rdf:li xmpDM:name="unicodeenabled" xmpDM:value="false"/><rdf:li xmpDM:name="backgroundcolor" xmpDM:value="000000"/><rdf:li xmpDM:name="sidebarlocation" xmpDM:value="left"/><rdf:li xmpDM:name="endaction" xmpDM:value="stop"/><rdf:li xmpDM:name="endactionparam" xmpDM:value="true"/></rdf:Bag>
               </tscDM:parameters>
               <tscDM:controllerText>
                  <rdf:Bag>
                     <rdf:li><rdf:Description xmp:label="searchText"><tscDM:localizedText><rdf:Alt><rdf:li xml:lang="en-US">Search</rdf:li></rdf:Alt></tscDM:localizedText></rdf:Description></rdf:li><rdf:li><rdf:Description xmp:label="resultText"><tscDM:localizedText><rdf:Alt><rdf:li xml:lang="en-US">Results Found</rdf:li></rdf:Alt></tscDM:localizedText></rdf:Description></rdf:li><rdf:li><rdf:Description xmp:label="searchFullscreenText"><tscDM:localizedText><rdf:Alt><rdf:li xml:lang="en-US">Search disabled in full screen mode</rdf:li></rdf:Alt></tscDM:localizedText></rdf:Description></rdf:li><rdf:li><rdf:Description xmp:label="replayButtonText"><tscDM:localizedText><rdf:Alt><rdf:li xml:lang="en-US">Replay</rdf:li></rdf:Alt></tscDM:localizedText></rdf:Description></rdf:li><rdf:li><rdf:Description xmp:label="localSecurityError"><tscDM:localizedText><rdf:Alt><rdf:li xml:lang="en-US">Certain features in your video are currently disabled due to Local Network Security. These features work correctly when the video is played from a Website or Server.</rdf:li></rdf:Alt></tscDM:localizedText></rdf:Description></rdf:li></rdf:Bag>
               </tscDM:controllerText>
            </rdf:Description>
         </tscDM:controller>
         <tscDM:contentList>
            <rdf:Description>
               <tscDM:files>
                  <rdf:Seq>
                     <rdf:li xmpDM:name="0" xmpDM:value="Aubrey Camtasia.mp4"/><rdf:li xmpDM:name="1" xmpDM:value="Aubrey Camtasia.zip"/><rdf:li xmpDM:name="2" xmpDM:value="Aubrey_Camtasia_First_Frame.png"/></rdf:Seq>
               </tscDM:files>
            </rdf:Description>
         </tscDM:contentList>
      </rdf:Description>
   </rdf:RDF>
</x:xmpmeta>